Region,Basin Name
Cape Cod and Islands,CAPE COD
Cape Cod and Islands,ISLANDS
Central,BLACKSTONE
Central,CHICOPEE
Central,FRENCH
Central,MILLERS
Central,NASHUA
Central,QUINEBAUG
Connecticut River,CHICOPEE
Connecticut River,CONNECTICUT
Connecticut River,DEERFIELD
Connecticut River,FARMINGTON
Connecticut River,MILLERS
Connecticut River,WESTFIELD
Northeast,BOSTON HARBOR
Northeast,CHARLES
Northeast,CONCORD
Northeast,IPSWICH
Northeast,MERRIMACK
Northeast,NASHUA
Northeast,NORTH COASTAL
Northeast,SHAWSHEEN
Northeast,
Southeast,BLACKSTONE
Southeast,BOSTON HARBOR
Southeast,BUZZARDS BAY
Southeast,CHARLES
Southeast,SOUTH COASTAL
Southeast,TAUNTON
Southeast,TEN MILE
Western,FARMINGTON
Western,HOUSATONIC
Western,HUDSON
Western,
,MILLERS
,QUINEBAUG
,WESTFIELD
,
